<?xml version="1.0" encoding="utf-8"?><feed xmlns="http://www.w3.org/2005/Atom" ><generator uri="https://jekyllrb.com/" version="4.3.3">Jekyll</generator><link href="https://hazelparkpromise.org/feed.xml" rel="self" type="application/atom+xml" /><link href="https://hazelparkpromise.org/" rel="alternate" type="text/html" /><updated>2024-09-12T17:31:12-04:00</updated><id>https://hazelparkpromise.org/feed.xml</id><title type="html">Hazel Park Promise Zone</title><subtitle>The official site for the Hazel Park Promise Zone! Apply for our scholarships, oin the mentor program, donate to the cause, and much more!</subtitle></feed>